S&P500,NASDAQ,50SMA,13RSI
4173.8,13067.5,13386.6,34.8
4179.2,13094.8,13396.7,36.6
4182.7,13108.0,13406.6,37.5
4185.8,13104.3,13416.8,37.1
4180.8,13082.2,13425.2,34.9
4174.6,13052.0,13432.2,31.8
4174.9,13082.2,13440.4,33.2
4170.8,13070.6,13447.6,32.2
4182.2,13078.8,13457.8,32.5
4208.4,13191.4,13466.6,37.6
4247.1,13367.5,13473.1,48.6
4217.4,13272.6,13476.7,39.9
4225.9,13311.5,13482.9,42.6
4211.2,13232.0,13489.1,34.0
4244.1,13384.9,13496.9,46.3
4249.0,13409.2,13503.4,48.9
4228.3,13334.1,13509.4,39.2
4230.6,13355.9,13516.8,41.3
4235.9,13368.5,13523.4,42.5
4227.0,13332.2,13530.6,37.6
4225.0,13335.3,13538.5,37.9
4219.7,13308.3,13546.3,34.3
4216.2,13305.4,13555.0,34.0
4225.9,13353.6,13563.8,37.2
4229.9,13385.5,13572.3,39.6
4232.8,13368.5,13579.3,37.6
4226.4,13357.4,13586.4,36.4
4206.9,13301.9,13593.1,30.1
4204.6,13299.0,13601.5,29.8
4234.7,13422.6,13608.9,36.7
4240.7,13436.4,13613.7,37.6
4243.4,13447.2,13616.4,38.3
4247.7,13458.8,13618.5,39.0
4273.3,13571.7,13620.7,46.6
4274.9,13592.5,13619.5,48.2
4292.1,13733.8,13618.1,61.5
4303.3,13770.7,13614.5,65.9
4316.7,13812.3,13608.1,71.1
4277.7,13656.9,13600.3,60.2
4272.5,13639.9,13593.8,58.6
4256.7,13580.5,13586.7,52.5
4263.4,13603.2,13581.7,55.3
4263.3,13587.8,13574.8,53.8
4255.0,13555.7,13568.3,50.4
4239.9,13490.7,13563.5,42.4
4241.9,13494.8,13559.3,42.8
4242.7,13492.3,13554.4,42.5
4242.2,13508.0,13548.6,43.9
4254.2,13563.3,13543.5,48.9
4265.0,13595.6,13540.7,52.2
4258.0,13571.9,13536.0,49.9
4258.6,13589.1,13536.4,51.5
4260.5,13617.7,13529.1,54.2
4238.3,13526.1,13523.0,45.9
4218.4,13431.8,13517.6,34.5
4222.7,13461.6,13514.8,36.7
4221.4,13444.8,13511.8,34.5
4249.2,13577.5,13510.0,46.4
4223.9,13519.6,13505.4,37.8
4228.2,13517.6,13502.1,37.4
4236.2,13547.9,13498.0,40.4
4242.0,13583.6,13490.3,44.1
4249.3,13619.5,13481.7,48.3
4247.5,13623.5,13473.5,48.7
4270.7,13710.3,13466.5,60.6
4268.7,13705.3,13458.5,60.1
4271.5,13708.5,13450.6,60.6
4269.1,13682.1,13443.4,58.1
4275.6,13729.7,13435.6,64.9
4276.4,13729.5,13426.4,64.9
4272.6,13724.7,13417.3,64.5
4276.2,13743.3,13409.2,67.0
4277.2,13746.1,13402.8,67.4
4281.0,13774.1,13397.5,70.8
4278.3,13740.1,13392.4,69.0
4277.3,13722.4,13388.8,68.1
4271.7,13691.2,13385.7,66.4
4288.2,13722.2,13385.5,69.8
4278.3,13666.2,13386.8,67.0
4270.3,13665.7,13387.8,67.0
4245.5,13568.6,13387.6,61.8
4239.8,13554.3,13388.1,61.0
4244.4,13566.6,13389.2,62.1
4232.2,13516.1,13390.0,59.4
4233.8,13520.9,13391.0,59.8
4242.8,13551.4,13393.1,62.0
4220.1,13451.0,13394.2,57.1
4217.4,13425.6,13397.6,55.7
4190.2,13328.4,13401.0,50.2
4179.2,13288.5,13405.4,47.7
4193.2,13329.2,13410.8,50.1
4170.6,13257.6,13415.7,45.7
4176.8,13263.3,13422.3,46.0
4185.4,13313.6,13433.1,48.6
4178.7,13280.4,13443.5,46.8
4170.9,13252.4,13452.9,45.3
4154.9,13199.9,13464.1,42.5
4168.3,13257.1,13477.5,44.8
4219.1,13422.8,13488.2,52.3
4200.7,13356.8,13495.4,49.2
4256.6,13591.9,13506.8,62.7
4184.3,13225.6,13513.3,38.2
4198.5,13314.8,13527.4,44.8
4192.7,13253.8,13539.7,38.1
4204.3,13293.6,13553.0,41.1
4207.7,13311.2,13565.4,42.5
4222.0,13353.7,13578.3,45.9
4216.5,13346.7,13590.7,45.3
4216.3,13353.6,13602.9,45.8
4210.7,13314.5,13614.9,42.3
4160.7,13161.7,13627.0,25.0
4159.5,13157.0,13641.6,24.4
4172.1,13206.0,13656.5,26.6
4192.7,13276.6,13671.1,30.2
4199.6,13307.8,13681.7,32.0
4201.4,13309.8,13697.3,32.1
4215.4,13351.2,13712.3,34.4
4196.3,13291.7,13726.1,27.5
4188.7,13270.2,13741.4,24.9
4188.8,13271.6,13758.6,25.0
4200.4,13322.9,13776.1,27.0
4222.5,13421.4,13792.0,31.4
4231.8,13479.3,13804.7,34.4
4235.2,13522.6,13820.4,36.9
4247.1,13560.6,13836.6,39.2
4260.8,13567.4,13849.5,39.6
4283.3,13677.8,13861.9,46.9
4313.2,13790.0,13872.2,56.8
4292.6,13714.6,13880.5,50.3
4276.2,13657.8,13890.0,44.6
4256.6,13593.4,13901.2,36.9
4263.1,13609.1,13914.3,38.1
4261.7,13605.5,13926.9,37.7
4258.3,13565.3,13939.3,33.0
4280.6,13628.2,13952.5,37.0
4274.2,13605.4,13964.5,34.3
4278.3,13620.6,13976.2,35.3
4269.0,13594.7,13988.0,32.4
4258.5,13550.2,14000.2,27.3
4260.1,13555.4,14013.3,27.5
4263.2,13573.7,14027.0,28.3
4271.6,13588.0,14040.4,28.8
4321.7,13803.8,14053.4,40.1
4327.3,13834.8,14061.2,42.3
4297.9,13751.3,14067.9,33.2
4310.5,13811.4,14074.0,37.1
4325.0,13870.1,14079.3,41.5
4297.4,13789.9,14082.7,31.3
4289.9,13784.9,14088.7,30.6
4323.0,13927.4,14095.2,41.7
4322.1,13915.4,14098.7,40.0
4327.4,13933.4,14102.3,41.7
4326.7,13928.0,14103.5,41.0
4325.5,13917.8,14104.5,39.8
4327.1,13915.9,14106.3,39.6
4333.7,13956.1,14109.5,42.6
4348.0,13970.2,14111.8,43.7
4343.0,13960.2,14113.4,42.7
4339.4,13952.2,14114.7,42.0
4327.8,13918.8,14116.1,39.0
4320.8,13892.2,14118.7,36.7
4326.4,13902.1,14122.0,37.2
4338.0,13934.0,14124.7,38.7
4298.2,13811.3,14126.1,28.0
4374.3,14083.6,14130.0,43.7
4367.9,14062.8,14128.7,41.4
4363.4,14038.1,14129.3,38.6
4368.2,14058.7,14129.4,40.0
4385.7,14130.6,14131.4,45.6
4383.9,14144.2,14132.9,46.7
4368.3,14118.9,14133.8,44.3
4354.4,14055.4,14133.9,38.0
4402.8,14264.5,14134.8,58.3
4411.4,14334.4,14132.7,69.9
4380.9,14205.5,14128.4,54.5
4373.9,14187.5,14128.4,51.3
4377.3,14193.1,14130.3,52.4
4379.8,14202.3,14131.5,54.1
4379.0,14192.1,14131.8,52.5
4382.9,14215.2,14132.5,56.5
4394.1,14249.9,14132.2,63.3
4389.4,14241.7,14131.5,62.3
4385.1,14223.4,14130.8,60.1
4386.1,14227.2,14130.6,60.8
4384.9,14227.0,14131.3,60.7
4373.2,14189.1,14131.3,56.6
4378.1,14210.4,14132.2,59.9
4377.6,14208.0,14129.7,59.6
4376.8,14200.9,14128.5,58.9
4384.2,14241.1,14126.8,64.7
4386.2,14243.7,14127.2,65.0
4394.3,14238.6,14126.8,64.7
4384.9,14196.6,14125.0,61.5
4377.5,14168.6,14121.1,59.3
4351.3,14053.2,14118.1,48.0
4342.6,14079.3,14117.0,50.9
4321.2,14038.1,14115.6,46.1
4331.8,14092.9,14114.6,52.5
4336.1,14110.2,14111.8,54.7
4331.5,14101.4,14109.4,53.8
4336.4,14096.8,14104.7,53.3
4300.0,13992.9,14100.1,41.3
4297.4,13974.5,14096.6,38.7
4308.2,14011.9,14092.6,42.1
4322.9,14073.1,14088.4,48.8
4322.4,14072.3,14083.8,48.7
4317.2,14048.6,14079.4,45.9
4314.0,14027.2,14075.7,43.3
4315.1,14021.0,14078.9,42.5
4321.9,14051.4,14082.2,45.2
4320.4,14056.9,14083.5,45.7
4313.9,14033.0,14084.6,43.3
4306.5,14007.7,14085.7,40.7
4303.4,14005.9,14088.9,40.5
4296.6,14016.0,14090.0,41.2
4319.2,14096.2,14087.2,46.5
4303.6,14042.4,14086.2,41.8
4332.7,14156.4,14085.6,50.4
4354.8,14208.9,14080.4,55.3
4361.6,14187.4,14074.5,53.6
4339.4,14124.7,14068.1,48.4
4332.8,14100.4,14061.7,46.2
4349.2,14157.4,14056.9,50.8
4346.4,14120.5,14051.0,47.7
4372.6,14204.7,14045.8,55.0
4390.6,14280.5,14039.3,63.1
4382.8,14255.0,14031.4,61.4
4371.5,14216.4,14023.1,58.6
4373.7,14226.9,14015.9,59.7
4368.7,14199.9,14009.0,57.8
4371.1,14214.4,14002.3,59.2
4370.2,14207.6,13996.3,58.8
4372.9,14214.5,13991.6,59.3
4380.7,14262.5,13982.9,63.2
4373.7,14224.8,13969.8,61.4
4372.1,14238.0,13954.5,62.4
4335.3,14085.0,13940.7,54.4
4352.2,14145.8,13928.2,59.0
4341.7,14115.0,13912.2,57.3
4379.6,14262.5,13892.0,69.9
4365.6,14221.7,13868.5,68.1
4348.6,14150.3,13847.3,64.7
4319.4,14004.5,13827.2,55.9
4328.2,14018.8,13810.4,57.2
4320.9,13996.0,13794.0,55.7
4325.9,14009.1,13776.0,56.7
4315.3,13985.8,13758.7,55.3
4303.6,13953.1,13742.4,53.4
4315.9,13993.0,13727.4,56.1
4288.1,13867.8,13710.1,48.3
4289.6,13865.6,13699.5,48.2
4279.1,13816.2,13690.9,44.9
4269.3,13774.1,13682.4,42.0
4270.1,13805.1,13677.0,43.5
4285.6,13842.6,13670.8,45.4
4289.5,13851.7,13664.3,45.9
4287.5,13860.3,13659.1,46.3
4384.0,14190.9,13655.7,66.7
4383.3,14186.4,13647.3,66.5
4366.9,14113.4,13639.9,63.5
4372.2,14114.7,13633.4,63.6
4364.3,14084.5,13629.3,62.4
4373.2,14167.5,13628.1,68.1
4339.2,14064.3,13625.4,64.3
4290.5,13874.7,13623.4,55.4
4307.8,14045.2,13626.1,69.9
4296.7,14011.4,13625.9,68.4
4257.4,13898.5,13626.1,62.6
4260.7,13911.9,13627.6,63.9
4254.9,13871.5,13628.3,61.7
4238.9,13804.3,13630.1,57.7
4257.3,13859.7,13633.6,62.6
4262.3,13861.6,13635.7,62.8
4260.1,13861.5,13637.2,62.8
4266.3,13877.6,13638.9,64.1
4269.4,13888.3,13641.0,64.8
4260.0,13837.3,13642.8,62.8
4265.5,13859.7,13644.6,64.3
4265.1,13878.0,13644.9,65.5
4264.1,13865.6,13645.9,65.1
4272.9,13916.2,13644.0,68.1
4289.1,13970.8,13642.4,71.4
4239.8,13781.0,13640.5,66.2
4195.9,13607.4,13643.9,60.0
4169.5,13460.5,13652.3,53.4
4192.1,13548.2,13661.9,58.8
4176.2,13457.4,13669.9,54.4
4162.9,13346.1,13679.0,48.3
4119.4,13103.3,13690.6,28.9
4122.7,13087.8,13703.2,27.3
4139.2,13162.2,13716.2,30.3
4135.2,13146.5,13725.5,28.7
4139.9,13165.5,13736.5,29.5
4148.6,13199.3,13747.3,30.8
4122.2,13096.9,13757.2,21.2
4128.2,13142.0,13768.7,22.4
4136.4,13173.4,13779.5,23.3
4145.2,13198.9,13789.9,24.0
4129.4,13132.2,13800.3,17.9
4185.1,13335.2,13811.4,23.2
4206.5,13435.9,13819.5,26.7
4194.3,13390.2,13826.2,21.7
4221.5,13505.6,13835.0,25.8
4218.8,13493.3,13841.6,24.4
4226.9,13516.9,13848.5,25.3
4242.2,13595.5,13855.5,28.3
4267.9,13689.3,13862.2,32.7
4286.4,13771.0,13868.1,37.4
4294.3,13817.0,13872.4,40.3
4287.9,13785.7,13876.9,37.2
4318.3,13910.0,13883.2,46.1
4337.6,14026.8,13887.5,58.1
4337.3,14029.7,13888.4,58.5
4320.4,13965.0,13889.1,52.6
4334.9,14010.0,13890.2,57.9
4338.4,14034.4,13891.4,60.9
4340.3,14022.1,13892.0,59.9
4327.2,13973.3,13891.0,55.9
4320.5,13945.8,13888.7,53.4
4325.0,13963.4,13889.8,55.2
4328.2,13979.9,13890.8,56.9
4324.3,13964.4,13893.4,55.7
4317.7,13935.0,13894.0,53.5
4322.7,13946.1,13894.3,54.5
4328.2,13983.0,13895.1,57.6
4327.9,13979.0,13896.5,57.3
4315.4,13927.3,13900.7,54.2
4303.4,13872.6,13906.0,50.6
4316.1,13930.3,13913.9,54.8
4279.4,13769.4,13920.4,42.8
4301.2,13837.7,13930.4,47.7
4319.1,13876.4,13939.2,50.8
4325.1,13949.5,13946.8,57.3
4349.1,14027.6,13952.8,65.5
4340.6,13943.4,13957.3,59.8
4344.7,13943.7,13963.8,59.8
4338.3,13915.2,13970.5,57.8
4339.5,13927.9,13977.9,59.0
4294.7,13731.2,13984.8,41.1
4298.2,13738.5,13995.8,41.8
4265.8,13625.7,14004.3,25.7
4280.3,13698.4,14015.4,30.7
4284.0,13703.7,14024.7,31.2
4280.0,13696.1,14034.1,29.9
4270.3,13669.7,14045.0,25.6
4274.8,13680.3,14057.8,26.2
4275.8,13696.4,14071.3,27.1
4285.0,13717.8,14084.7,28.3
4275.6,13686.0,14097.7,23.7
4293.2,13740.6,14112.2,26.4
4302.5,13773.8,14126.7,28.1
4317.1,13826.2,14142.2,31.1
4316.9,13836.2,14156.0,31.7
4317.7,13840.7,14169.6,32.0
4323.6,13865.8,14182.8,33.4
4338.1,13930.8,14195.8,37.2
4348.4,13984.6,14208.3,40.8
4352.3,13983.7,14219.1,40.7
4368.8,14042.5,14230.0,44.7
4382.9,14101.0,14239.0,49.2
4385.6,14128.7,14247.4,51.4
4373.8,14067.6,14256.9,46.5
4370.6,14065.0,14267.2,46.2
4364.2,14024.1,14277.5,42.9
4372.1,14069.0,14288.5,45.8
4370.5,14064.6,14299.2,45.5
4353.3,13972.5,14310.0,38.1
4326.1,13858.7,14322.5,26.9
4347.7,13999.8,14333.9,34.0
4349.4,14011.1,14342.4,34.6
4373.3,14112.4,14351.4,41.4
4346.2,13994.9,14358.2,26.0
4331.4,13950.3,14366.6,18.4
4338.8,13981.5,14378.3,19.7
4361.4,14056.2,14390.2,23.4
4390.4,14190.4,14401.4,33.6
4378.4,14188.7,14409.6,33.2
4400.6,14270.1,14418.1,43.0
4395.8,14252.6,14425.4,39.5
4398.5,14269.3,14432.2,41.8
4402.7,14277.1,14438.6,42.8
4402.5,14260.3,14444.6,39.8
4401.0,14247.4,14450.9,37.4
4400.0,14250.8,14457.2,37.8
4404.7,14269.0,14463.5,39.7
4408.0,14278.5,14469.6,40.6
4407.2,14287.0,14475.2,41.5
4402.7,14273.3,14480.8,39.6
4404.0,14278.8,14487.2,40.1
4379.2,14166.3,14494.0,22.4
4382.0,14180.2,14502.1,23.2
4378.9,14162.8,14509.6,20.0
4378.7,14171.4,14515.8,20.4
4390.6,14243.0,14523.6,24.0
4410.6,14310.4,14529.4,28.3
4418.8,14354.9,14533.4,31.8
4419.5,14365.5,14535.9,32.7
4416.5,14367.8,14539.8,32.9
4415.4,14410.3,14543.6,36.4
4437.4,14465.0,14546.0,41.6
4462.5,14553.3,14547.0,53.1
4451.7,14514.8,14545.5,47.2
4452.1,14514.2,14540.6,47.2
4447.3,14504.4,14535.9,45.7
4449.9,14515.8,14530.9,47.1
4462.6,14552.5,14526.5,51.8
4455.3,14527.9,14521.5,48.6
4454.7,14527.2,14517.6,48.5
4446.8,14492.4,14513.1,44.1
4453.9,14522.7,14509.1,47.4
4471.1,14600.3,14504.8,57.6
4466.2,14582.9,14498.2,55.6
4465.8,14578.3,14491.9,55.1
4465.6,14578.9,14485.2,55.2
4469.5,14600.2,14476.6,57.8
4475.2,14608.3,14471.8,58.8
4473.8,14592.9,14466.6,57.5
4437.9,14432.6,14460.4,39.6
4437.0,14421.3,14457.7,37.9
4444.1,14465.2,14453.1,42.2
4438.0,14451.2,14448.6,40.2
4435.7,14415.2,14441.9,34.9
4450.7,14533.2,14435.8,47.7
4459.0,14579.1,14426.9,54.9
4465.2,14614.5,14417.2,61.5
4464.2,14600.4,14410.4,59.7
4467.3,14612.1,14403.9,61.9
4479.0,14637.2,14396.7,66.8
4463.5,14591.5,14389.7,61.8
4463.7,14588.3,14383.7,61.4
4461.7,14579.5,14377.1,60.4
4459.0,14572.3,14370.3,59.6
4456.7,14563.2,14364.1,58.6
4457.2,14569.0,14358.0,59.5
4456.7,14570.3,14351.9,59.6
4454.7,14558.7,14345.5,58.6
4457.2,14570.4,14339.8,60.0
4462.3,14591.8,14335.1,62.5
4469.6,14617.9,14333.7,65.6
4462.7,14572.0,14332.8,62.6
4464.0,14552.6,14333.9,61.3
4447.7,14477.2,14335.9,55.7
4465.3,14559.1,14340.9,65.1
4464.4,14531.6,14343.3,63.2
4449.5,14511.2,14344.9,61.8
4450.0,14482.2,14347.1,59.7
4467.3,14559.3,14349.3,68.9
4463.0,14557.5,14350.2,68.8
4456.6,14530.2,14351.5,67.3
4454.0,14516.4,14352.5,66.5
4448.7,14479.1,14353.3,64.4
4394.6,14268.3,14355.6,47.3
4397.3,14277.7,14363.4,48.3
4392.8,14255.7,14371.3,45.9
4402.8,14296.4,14379.7,49.8
4404.6,14304.0,14386.9,50.5
4412.9,14329.1,14394.3,52.9
4406.6,14303.3,14401.8,50.7
4403.1,14294.9,14410.0,50.0
4408.3,14307.4,14418.9,51.0
4400.1,14270.2,14429.3,48.1
4400.0,14267.0,14441.6,47.9
4390.1,14241.3,14455.6,46.0
4371.7,14151.1,14469.4,39.0
4418.1,14358.5,14484.8,53.9
4410.9,14350.0,14494.0,53.3
4387.8,14281.3,14507.7,47.5
4411.1,14296.9,14522.1,48.8
4403.2,14192.2,14536.4,38.7
4414.0,14241.8,14552.5,42.3
4383.6,14116.7,14567.4,26.2
4381.2,14109.0,14585.8,25.0
4370.8,14086.2,14604.2,21.5
4375.3,14094.6,14622.9,21.9
4425.7,14274.0,14641.2,31.9
4424.0,14276.1,14655.7,32.1
4421.7,14254.0,14670.0,28.6
4426.5,14284.8,14685.1,30.7
4427.8,14293.8,14699.8,31.2
4419.5,14257.2,14715.0,25.9
4414.5,14237.9,14731.2,22.9
4423.3,14264.8,14747.4,24.2
4422.5,14256.0,14762.2,22.9
4424.1,14267.7,14776.9,23.4
4413.9,14247.6,14791.5,20.8
4418.8,14274.2,14805.4,21.7
4427.2,14335.5,14819.0,23.9
4476.5,14520.9,14830.4,33.2
4488.9,14573.8,14838.6,37.1
4499.6,14629.1,14845.8,41.7
4501.7,14648.3,14851.5,43.4
4508.4,14730.0,14856.2,51.9
4493.4,14678.7,14858.7,45.8
4478.9,14608.8,14862.3,35.4
4483.9,14621.4,14866.1,36.5
4476.9,14595.1,14869.8,32.3
4476.4,14605.3,14874.2,33.1
4481.9,14620.0,14878.6,34.2
4471.4,14582.1,14882.2,28.4
4463.9,14554.3,14886.0,23.8
4470.9,14596.0,14890.5,26.1
4484.7,14656.3,14894.0,30.0
4487.8,14671.5,14896.7,31.0
4488.1,14679.4,14898.4,31.6
4484.4,14656.8,14899.8,28.3
4489.9,14670.1,14899.9,29.0
4500.5,14706.1,14900.6,31.1
4504.3,14712.0,14901.2,31.5
4508.4,14738.9,14901.0,33.0
4531.1,14827.9,14898.6,38.8
4547.2,14884.7,14892.7,43.2
4572.2,14967.1,14885.8,51.1
4565.1,14933.1,14877.1,47.5
4561.7,14920.4,14869.3,46.1
4541.8,14819.7,14862.6,33.2
4581.7,15033.9,14857.9,62.6
4576.1,15004.7,14849.1,57.9
4578.7,15011.5,14840.4,59.5
4574.2,14994.2,14831.8,56.7
4572.0,14986.0,14823.3,55.3
4582.8,15040.9,14815.4,68.6
4580.1,15028.9,14806.5,67.0
4578.1,15021.1,14797.9,65.9
4574.9,15006.2,14789.2,63.9
4573.6,14999.0,14781.4,63.0
4571.4,14992.6,14773.9,62.1
4572.8,15007.1,14766.3,65.2
4577.7,15022.1,14757.7,68.4
4585.0,15053.9,14751.1,75.8
4587.7,15065.0,14743.6,78.5
4583.9,15050.0,14734.5,77.5
4577.6,15002.1,14725.9,73.9
4578.5,14995.1,14720.6,73.3
4577.3,14997.7,14716.5,73.9
4569.9,14939.5,14711.4,69.0
4577.6,14954.8,14707.3,72.3
4568.3,14904.6,14702.0,67.6
4559.8,14931.2,14697.3,73.7
4557.8,14934.7,14692.0,74.5
4553.7,14915.2,14686.8,73.0
4550.7,14882.7,14683.3,70.2
4546.0,14855.6,14680.1,67.6
4546.6,14859.4,14677.2,68.4
4531.8,14794.7,14674.3,61.7
4536.2,14810.4,14671.5,64.8
4538.3,14813.4,14667.8,65.3
4541.1,14823.8,14664.6,67.2
4534.8,14800.6,14661.3,65.1
4528.0,14775.3,14659.7,62.7
4527.9,14779.4,14657.3,63.4
4526.2,14768.3,14655.6,62.4
4531.3,14789.8,14655.6,65.5
4524.7,14759.0,14655.0,63.1
4519.8,14748.8,14653.1,62.3
4498.4,14659.4,14650.0,53.9
4514.7,14705.7,14647.1,60.3
4517.1,14737.7,14644.7,65.2
4511.9,14702.1,14638.5,62.0
4490.0,14618.8,14637.3,52.7
4475.0,14533.7,14635.5,38.4
4478.9,14540.2,14637.6,39.3
4476.8,14532.3,14640.7,37.8
4477.2,14544.2,14644.9,39.1
4486.9,14583.9,14649.1,44.0
4489.1,14582.1,14653.8,43.7
4491.4,14596.7,14658.4,45.5
4481.4,14570.4,14662.3,41.5
4484.7,14581.4,14666.3,42.7
4479.7,14567.9,14669.8,40.8
4485.9,14589.9,14672.9,42.9
4484.5,14594.6,14676.6,43.4
4487.2,14601.3,14680.2,44.0
4483.9,14585.9,14684.5,42.3
4491.9,14616.3,14683.2,44.8
4493.0,14623.8,14683.0,45.5
4490.3,14613.0,14684.0,44.4
4483.2,14578.4,14685.4,41.1
4510.3,14691.2,14687.5,50.1
4505.4,14679.5,14688.9,49.0
4487.5,14606.9,14689.9,42.0
4493.0,14623.4,14692.1,43.2
4508.6,14734.8,14696.1,53.1
4510.1,14792.1,14697.7,59.5
4509.0,14740.8,14697.9,55.0
4506.0,14737.3,14699.1,54.7
4493.2,14689.8,14701.4,50.3
4486.5,14665.0,14704.9,47.8
4488.1,14667.2,14707.5,48.0
4492.6,14675.9,14710.2,48.7
4504.8,14737.8,14712.7,54.1
4502.2,14723.4,14714.0,53.0
4500.3,14714.8,14715.5,52.3
4500.9,14710.3,14716.8,52.0
4489.2,14657.5,14718.4,48.4
4480.9,14623.0,14720.9,45.9
4488.7,14652.4,14726.0,47.7
4491.7,14659.3,14735.5,48.1
4504.9,14722.8,14744.5,51.9
4491.7,14655.7,14751.6,47.9
4498.5,14695.2,14761.2,50.1
4521.2,14768.2,14768.1,54.6
4517.0,14757.2,14774.4,54.0
4495.9,14663.7,14781.5,49.0
4478.9,14593.3,14791.9,44.9
4457.6,14514.7,14805.4,39.9
4482.4,14587.7,14819.9,43.3
4454.1,14429.4,14832.7,31.7
4485.7,14638.9,14849.4,42.2
4460.9,14532.0,14860.3,31.5
4486.7,14635.3,14873.4,37.8
4506.8,14696.9,14884.4,42.4
4513.2,14740.5,14894.2,46.1
4521.9,14753.5,14902.6,47.2
4531.9,14818.6,14910.7,53.2
4531.6,14815.6,14917.3,53.0
4526.8,14788.9,14924.1,50.8
4521.7,14771.7,14931.3,49.4
4518.4,14754.6,14938.6,48.0
4511.9,14723.3,14946.1,45.5
4523.9,14776.1,14951.7,49.2
4524.9,14773.3,14953.8,49.0
4529.2,14819.3,14956.2,52.1
4478.9,14519.6,14958.2,22.2
4493.8,14604.4,14966.6,26.5
4511.3,14673.8,14971.9,31.1
4510.8,14684.9,14975.6,31.9
4513.5,14683.1,14981.1,31.6
4531.2,14763.1,14986.3,37.7
4514.6,14727.1,14988.7,32.3
4519.2,14716.4,14992.0,30.6
4543.1,14823.2,14995.6,39.5
4536.1,14814.9,14998.5,38.2
4533.3,14802.8,15000.5,36.4
4533.6,14802.5,15002.4,36.4
4547.1,14851.4,15004.3,40.5
4548.8,14865.6,15004.9,41.7
4539.7,14794.8,15005.3,32.0
4542.3,14800.4,15006.5,32.4
4542.7,14801.0,15007.4,32.4
4542.6,14802.9,15009.2,32.5
4539.2,14797.0,15010.8,31.8
4536.2,14784.2,15012.5,30.4
4538.9,14790.0,15015.0,30.7
4537.8,14781.4,15015.7,29.8
4555.5,14879.1,15015.9,34.3
4584.0,15126.9,15014.1,52.8
4582.0,15110.2,15007.3,51.2
4574.9,15075.4,14999.7,47.6
4580.2,15134.4,14991.1,53.7
4559.7,15043.9,14978.1,43.6
4562.9,15080.4,14966.6,47.4
4557.4,15110.6,14955.0,50.8
4570.3,15188.5,14943.0,61.5
4584.7,15264.3,14930.0,75.6
4577.0,15241.6,14915.5,74.0
4575.8,15229.1,14900.4,73.0
4580.6,15261.7,14885.5,79.9
4561.8,15185.7,14870.3,74.8
4566.6,15188.3,14856.5,75.4
4567.7,15183.4,14842.9,75.1
4568.7,15184.7,14829.0,75.3
4564.5,15160.6,14813.7,73.8
4562.9,15158.2,14798.4,73.6
4561.5,15151.6,14783.5,73.2
4563.0,15154.3,14769.3,73.6
4563.0,15151.7,14755.2,73.5
4558.3,15136.3,14736.7,72.7
4557.0,15129.8,14718.9,72.4
4540.8,15002.9,14700.5,65.2
4516.3,14881.8,14686.5,54.8
4516.2,14892.1,14672.0,56.1
4516.2,14918.4,14652.5,59.4
4518.9,14938.4,14634.6,62.1
4512.0,14872.2,14613.7,56.2
4509.3,14854.9,14596.3,54.4
4517.0,14964.1,14580.1,70.5
4506.9,14940.2,14562.2,68.6
4499.1,14886.2,14545.2,63.8
4497.8,14890.2,14530.7,64.5
4498.7,14897.2,14516.0,65.6
4516.1,14965.9,14501.3,77.8
4506.9,14916.7,14484.2,74.7
4501.9,14898.6,14468.6,73.4
4501.8,14893.8,14454.3,73.1
4499.3,14884.1,14438.8,72.5
4498.8,14884.9,14423.8,72.6
4491.1,14856.3,14408.3,70.9
4488.9,14843.4,14393.8,70.1
4501.6,14890.3,14377.0,77.0
4500.4,14883.7,14359.7,76.7
4498.8,14881.0,14343.8,76.6
4508.6,14909.3,14329.4,80.5
4492.9,14826.0,14317.4,77.4
4485.9,14789.8,14307.2,75.8
4485.4,14790.9,14298.8,76.0
4479.4,14787.6,14289.2,75.9
4463.9,14730.2,14278.4,73.6
4445.5,14644.7,14268.5,69.7
4421.3,14485.8,14257.8,59.5
4418.1,14466.6,14252.6,57.9
4422.6,14502.3,14246.0,62.1
4427.4,14512.1,14235.7,63.2
4435.4,14535.6,14224.3,66.0
4440.2,14537.9,14212.6,66.2
4435.6,14488.3,14200.8,63.4
4436.4,14482.9,14189.0,63.1
4442.2,14501.7,14178.4,64.8
4439.5,14495.3,14168.6,64.5
4442.5,14507.9,14162.1,65.6
4436.2,14488.8,14157.6,64.8
4423.6,14421.1,14151.2,61.8
4416.8,14397.0,14146.0,60.7
4419.6,14411.3,14143.7,61.7
4427.0,14443.0,14145.3,63.8
4431.7,14449.9,14147.5,64.2
4372.7,14226.3,14147.7,55.2
4374.6,14245.5,14151.3,56.3
4357.9,14209.0,14155.8,54.7
4381.6,14303.3,14161.2,60.0
4345.8,14159.0,14163.7,53.6
4296.8,13915.3,14170.1,38.3
4321.0,14026.0,14180.2,44.5
4284.6,13889.8,14188.1,32.1
4310.9,14002.7,14196.7,38.7
4318.1,14044.3,14201.2,41.6
4328.0,14072.2,14204.7,43.7
4334.0,14090.3,14207.9,45.0
4352.3,14158.4,14211.1,50.2
4350.6,14157.2,14212.8,50.1
4354.0,14162.3,14213.7,50.5
4340.1,14110.4,14214.8,46.7
4347.5,14134.4,14215.6,48.3
4361.3,14182.7,14217.1,51.5
4345.9,14121.4,14212.1,47.4
4346.5,14135.4,14213.0,48.3
4342.8,14110.1,14218.4,46.7
4351.7,14127.9,14221.9,47.6
4326.0,14004.9,14221.5,39.7
4323.2,14024.3,14222.3,40.6
4332.7,14090.2,14224.6,43.7
4352.5,14162.0,14225.0,47.3
4401.9,14310.3,14226.2,56.1
4405.2,14312.7,14224.5,56.2
4415.8,14370.4,14223.2,60.0
